addressee,date,month,day,year,file_name
SPRING GROVE SCHOOL,NOVEMBER 12 1863,NOVEMBER,12,1863,wikisource_vol1_ch1_letter1.txt
CHARLES BAXTER,APRIL 9 1872,APRIL,9,1872,wikisource_vol1_ch1_letter10.txt
MRS. THOMAS STEVENSON,JULY 25 1872,JULY,25,1872,wikisource_vol1_ch1_letter11.txt
MRS. THOMAS STEVENSON,JULY 29 1872,JULY,29,1872,wikisource_vol1_ch1_letter12.txt
MRS. THOMAS STEVENSON,AUGUST 2 1872,AUGUST,2,1872,wikisource_vol1_ch1_letter13.txt
THOMAS STEVENSON,AUGUST 4 1872,AUGUST,4,1872,wikisource_vol1_ch1_letter14.txt
MRS. THOMAS STEVENSON,AUGUST 1872,AUGUST,,1872,wikisource_vol1_ch1_letter15.txt
CHARLES BAXTER,FEBRUARY 2 1873,FEBRUARY,2,1873,wikisource_vol1_ch1_letter16.txt
2 SULYARDE TERRACE,APRIL 1866,APRIL,,1866,wikisource_vol1_ch1_letter2.txt
MRS. THOMAS STEVENSON,SEPTEMBER 11 1868,SEPTEMBER,11,1868,wikisource_vol1_ch1_letter3.txt
MRS. THOMAS STEVENSON,SEPTEMBER 5 1868,SEPTEMBER,5,1868,wikisource_vol1_ch1_letter4.txt
MRS. THOMAS STEVENSON,SEPTEMBER 1868,SEPTEMBER,,1868,wikisource_vol1_ch1_letter5.txt
MRS. THOMAS STEVENSON,SEPTEMBER 1868,SEPTEMBER,,1868,wikisource_vol1_ch1_letter6.txt
MRS. CHURCHILL BABINGTON,SUMMER 1871,SUMMER,,1871,wikisource_vol1_ch1_letter7.txt
ALISON CUNNINGHAM,1871,,,1871,wikisource_vol1_ch1_letter8.txt
CHARLES BAXTER,MARCH 5 1872,MARCH,5,1872,wikisource_vol1_ch1_letter9.txt
MRS. THOMAS STEVENSON,JULY 28 1873,JULY,28,1873,wikisource_vol1_ch2_letter1.txt
MRS. THOMAS STEVENSON,JANUARY 7 1874,JANUARY,7,1874,wikisource_vol1_ch2_letter10.txt
MRS. SITWELL,JANUARY 13 1874,JANUARY,13,1874,wikisource_vol1_ch2_letter11.txt
MRS. SITWELL,JANUARY 1874,JANUARY,,1874,wikisource_vol1_ch2_letter12.txt
MRS. THOMAS STEVENSON,MARCH 28 1874,MARCH,28,1874,wikisource_vol1_ch2_letter13.txt
MRS. SITWELL,MAY 1874,MAY,,1874,wikisource_vol1_ch2_letter14.txt
MRS. SITWELL,MAY 1874,MAY,,1874,wikisource_vol1_ch2_letter15.txt
MRS. SITWELL,AUGUST 8 1874,AUGUST,8,1874,wikisource_vol1_ch2_letter16.txt
MRS. SITWELL,AUTUMN 1874,AUTUMN,,1874,wikisource_vol1_ch2_letter17.txt
MRS. SITWELL,DECEMBER 23 1874,DECEMBER,23,1874,wikisource_vol1_ch2_letter18.txt
SIDNEY COLVIN,JANUARY 1875,JANUARY,,1875,wikisource_vol1_ch2_letter19.txt
MRS. SITWELL,SEPTEMBER 6 1873,SEPTEMBER,6,1873,wikisource_vol1_ch2_letter2.txt
MRS. SITWELL,FEBRUARY 1875,FEBRUARY,,1875,wikisource_vol1_ch2_letter20.txt
SIDNEY COLVIN,FEBRUARY 8 1875,FEBRUARY,8,1875,wikisource_vol1_ch2_letter21.txt
MRS. SITWELL,APRIL 1875,APRIL,,1875,wikisource_vol1_ch2_letter22.txt
MRS. SITWELL,APRIL 1875,APRIL,,1875,wikisource_vol1_ch2_letter23.txt
MRS. SITWELL,APRIL 1875,APRIL,,1875,wikisource_vol1_ch2_letter24.txt
MRS. SITWELL,APRIL 1875,APRIL,,1875,wikisource_vol1_ch2_letter25.txt
MRS. SITWELL,JUNE 1875,JUNE,,1875,wikisource_vol1_ch2_letter26.txt
MRS. SITWELL,JUNE 1875,JUNE,,1875,wikisource_vol1_ch2_letter27.txt
MRS. SITWELL,SEPTEMBER 12 1873,SEPTEMBER,12,1873,wikisource_vol1_ch2_letter3.txt
MRS. SITWELL,SEPTEMBER 16 1873,SEPTEMBER,16,1873,wikisource_vol1_ch2_letter4.txt
MRS. SITWELL,OCTOBER 4 1873,OCTOBER,4,1873,wikisource_vol1_ch2_letter5.txt
MRS. SITWELL,OCTOBER 14 1873,OCTOBER,14,1873,wikisource_vol1_ch2_letter6.txt
MRS. THOMAS STEVENSON,NOVEMBER 13 1873,NOVEMBER,13,1873,wikisource_vol1_ch2_letter7.txt
MRS. SITWELL,NOVEMBER 1873,NOVEMBER,,1873,wikisource_vol1_ch2_letter8.txt
MRS. THOMAS STEVENSON,JANUARY 4 1874,JANUARY,4,1874,wikisource_vol1_ch2_letter9.txt
MRS. THOMAS STEVENSON,AUGUST 1875,AUGUST,,1875,wikisource_vol1_ch3_letter1.txt
SIDNEY COLVIN,JULY 1876,JULY,,1876,wikisource_vol1_ch3_letter10.txt
MRS. SITWELL,JULY 1876,JULY,,1876,wikisource_vol1_ch3_letter11.txt
W. E. HENLEY,SEPTEMBER 1876,SEPTEMBER,,1876,wikisource_vol1_ch3_letter12.txt
MRS. SITWELL,MAY 1877,MAY,,1877,wikisource_vol1_ch3_letter13.txt
SIDNEY COLVIN,AUGUST 1877,AUGUST,,1877,wikisource_vol1_ch3_letter14.txt
MRS. SITWELL,AUGUST 1877,AUGUST,,1877,wikisource_vol1_ch3_letter15.txt
A. PATCHETT MARTIN,1877,,,1877,wikisource_vol1_ch3_letter16.txt
A. PATCHETT MARTIN,DECEMBER 1877,DECEMBER,,1877,wikisource_vol1_ch3_letter17.txt
SIDNEY COLVIN,JANUARY 1 1878,JANUARY,1,1878,wikisource_vol1_ch3_letter18.txt
SIDNEY COLVIN,FEBRUARY 1878,FEBRUARY,,1878,wikisource_vol1_ch3_letter19.txt
MRS. SITWELL,AUGUST 1875,AUGUST,,1875,wikisource_vol1_ch3_letter2.txt
MR. AND MRS. THOMAS STEVENSON,FEBRUARY 21 1878,FEBRUARY,21,1878,wikisource_vol1_ch3_letter20.txt
MRS. THOMAS STEVENSON,JUNE 1878,JUNE,,1878,wikisource_vol1_ch3_letter21.txt
MRS. THOMAS STEVENSON,SEPTEMBER 1878,SEPTEMBER,,1878,wikisource_vol1_ch3_letter22.txt
W. E. HENLEY,SEPTEMBER 1878,SEPTEMBER,,1878,wikisource_vol1_ch3_letter23.txt
CHARLES BAXTER,SEPTEMBER 1878,SEPTEMBER,,1878,wikisource_vol1_ch3_letter24.txt
MRS. THOMAS STEVENSON,OCTOBER 1878,OCTOBER,,1878,wikisource_vol1_ch3_letter25.txt
W. E. HENLEY,AUTUMN 1878,AUTUMN,,1878,wikisource_vol1_ch3_letter26.txt
EDMUND GOSSE,APRIL 16 1879,APRIL,16,1879,wikisource_vol1_ch3_letter27.txt
W. E. HENLEY,APRIL 1879,APRIL,,1879,wikisource_vol1_ch3_letter28.txt
EDMUND GOSSE,JULY 24 1879,JULY,24,1879,wikisource_vol1_ch3_letter29.txt
SIDNEY COLVIN,AUTUMN 1875,AUTUMN,,1875,wikisource_vol1_ch3_letter3.txt
SIDNEY COLVIN,JULY 28 1879,JULY,28,1879,wikisource_vol1_ch3_letter30.txt
EDMUND GOSSE,JULY 29 1879,JULY,29,1879,wikisource_vol1_ch3_letter31.txt
CHARLES BAXTER,OCTOBER 1875,OCTOBER,,1875,wikisource_vol1_ch3_letter4.txt
SIDNEY COLVIN,AUTUMN 1875,AUTUMN,,1875,wikisource_vol1_ch3_letter5.txt
MRS. SITWELL,NOVEMBER 12 1875,NOVEMBER,12,1875,wikisource_vol1_ch3_letter6.txt
MRS. DE MATTOS,JANUARY 1876,JANUARY,,1876,wikisource_vol1_ch3_letter7.txt
MRS. SITWELL,JANUARY 1876,JANUARY,,1876,wikisource_vol1_ch3_letter8.txt
SIDNEY COLVIN,FEBRUARY 1876,FEBRUARY,,1876,wikisource_vol1_ch3_letter9.txt
SIDNEY COLVIN,AUGUST 1879,AUGUST,,1879,wikisource_vol1_ch4_letter1.txt
P. G. HAMERTON,NOVEMBER 1879,NOVEMBER,,1879,wikisource_vol1_ch4_letter10.txt
EDMUND GOSSE,NOVEMBER 15 1879,NOVEMBER,15,1879,wikisource_vol1_ch4_letter11.txt
SIDNEY COLVIN,DECEMBER 1879,DECEMBER,,1879,wikisource_vol1_ch4_letter12.txt
EDMUND GOSSE,DECEMBER 8 1879,DECEMBER,8,1879,wikisource_vol1_ch4_letter13.txt
SIDNEY COLVIN,DECEMBER 26 1879,DECEMBER,26,1879,wikisource_vol1_ch4_letter14.txt
SIDNEY COLVIN,JANUARY 10 1880,JANUARY,10,1880,wikisource_vol1_ch4_letter15.txt
CHARLES BAXTER,JANUARY 26 1880,JANUARY,26,1880,wikisource_vol1_ch4_letter16.txt
SIDNEY COLVIN,JANUARY 1880,JANUARY,,1880,wikisource_vol1_ch4_letter17.txt
W. E. HENLEY,FEBRUARY 1880,FEBRUARY,,1880,wikisource_vol1_ch4_letter18.txt
SIDNEY COLVIN,MARCH 1880,MARCH,,1880,wikisource_vol1_ch4_letter19.txt
SIDNEY COLVIN,AUGUST 1879,AUGUST,,1879,wikisource_vol1_ch4_letter2.txt
EDMUND GOSSE,APRIL 16 1880,APRIL,16,1880,wikisource_vol1_ch4_letter20.txt
DR. W. BAMFORD,APRIL 1880,APRIL,,1880,wikisource_vol1_ch4_letter21.txt
SIDNEY COLVIN,APRIL 1880,APRIL,,1880,wikisource_vol1_ch4_letter22.txt
SIDNEY COLVIN,APRIL 1880,APRIL,,1880,wikisource_vol1_ch4_letter23.txt
SIDNEY COLVIN,MAY 1880,MAY,,1880,wikisource_vol1_ch4_letter24.txt
C. W. STODDARD,MAY 1880,MAY,,1880,wikisource_vol1_ch4_letter25.txt
SIDNEY COLVIN,MAY 1880,MAY,,1880,wikisource_vol1_ch4_letter26.txt
W. E. HENLEY,AUGUST 23 1879,AUGUST,23,1879,wikisource_vol1_ch4_letter3.txt
SIDNEY COLVIN,SEPTEMBER 1879,SEPTEMBER,,1879,wikisource_vol1_ch4_letter4.txt
SIDNEY COLVIN,OCTOBER 21 1879,OCTOBER,21,1879,wikisource_vol1_ch4_letter5.txt
SIDNEY COLVIN,SEPTEMBER 1879,SEPTEMBER,,1879,wikisource_vol1_ch4_letter6.txt
EDMUND GOSSE,OCTOBER 8 1879,OCTOBER,8,1879,wikisource_vol1_ch4_letter7.txt
W. E. HENLEY,OCTOBER 1879,OCTOBER,,1879,wikisource_vol1_ch4_letter8.txt
W. E. HENLEY,OCTOBER 1879,OCTOBER,,1879,wikisource_vol1_ch4_letter9.txt
A. G. DEW,NOVEMBER 1880,NOVEMBER,,1880,wikisource_vol1_ch5_letter1.txt
HORATIO F. BROWN,1881,,,1881,wikisource_vol1_ch5_letter10.txt
HORATIO F. BROWN,1881,,,1881,wikisource_vol1_ch5_letter11.txt
HORATIO F. BROWN,SPRING 1881,SPRING,,1881,wikisource_vol1_ch5_letter12.txt
MR. AND MRS. THOMAS STEVENSON,MAY 1 1881,MAY,1,1881,wikisource_vol1_ch5_letter13.txt
EDMUND GOSSE,JUNE 6 1881,JUNE,6,1881,wikisource_vol1_ch5_letter14.txt
SIDNEY COLVIN,JUNE 1881,JUNE,,1881,wikisource_vol1_ch5_letter15.txt
PROFESSOR AENEAS MACKAY,JUNE 21 1881,JUNE,21,1881,wikisource_vol1_ch5_letter16.txt
PROFESSOR AENEAS MACKAY,JUNE 1881,JUNE,,1881,wikisource_vol1_ch5_letter17.txt
EDMUND GOSSE,JUNE 24 1881,JUNE,24,1881,wikisource_vol1_ch5_letter18.txt
EDMUND GOSSE,JULY 1881,JULY,,1881,wikisource_vol1_ch5_letter19.txt
THOMAS STEVENSON,DECEMBER 12 1880,DECEMBER,12,1880,wikisource_vol1_ch5_letter2.txt
P. G. HAMERTON,JULY 1881,JULY,,1881,wikisource_vol1_ch5_letter20.txt
SIDNEY COLVIN,JULY 1881,JULY,,1881,wikisource_vol1_ch5_letter21.txt
W. E. HENLEY,JULY 1881,JULY,,1881,wikisource_vol1_ch5_letter22.txt
W. E. HENLEY,AUGUST 1881,AUGUST,,1881,wikisource_vol1_ch5_letter23.txt
SIDNEY COLVIN,AUGUST 1881,AUGUST,,1881,wikisource_vol1_ch5_letter24.txt
DR. ALEXANDER JAPP,AUGUST 1881,AUGUST,,1881,wikisource_vol1_ch5_letter25.txt
MRS. SITWELL,AUGUST 1881,AUGUST,,1881,wikisource_vol1_ch5_letter26.txt
EDMUND GOSSE,AUGUST 10 1881,AUGUST,10,1881,wikisource_vol1_ch5_letter27.txt
,AUGUST 19 1881,AUGUST,19,1881,wikisource_vol1_ch5_letter28.txt
EDMUND GOSSE,AUGUST 19 1881,AUGUST,19,1881,wikisource_vol1_ch5_letter29.txt
EDMUND GOSSE,DECEMBER 6 1880,DECEMBER,6,1880,wikisource_vol1_ch5_letter3.txt
W. E. HENLEY,AUGUST 25 1881,AUGUST,25,1881,wikisource_vol1_ch5_letter30.txt
DR. ALEXANDER JAPP,1881,,,1881,wikisource_vol1_ch5_letter31.txt
W. E. HENLEY,SEPTEMBER 1881,SEPTEMBER,,1881,wikisource_vol1_ch5_letter32.txt
THOMAS STEVENSON,AUTUMN 1881,AUTUMN,,1881,wikisource_vol1_ch5_letter33.txt
P. G. HAMERTON,AUTUMN 1881,AUTUMN,,1881,wikisource_vol1_ch5_letter34.txt
CHARLES BAXTER,DECEMBER 5 1881,DECEMBER,5,1881,wikisource_vol1_ch5_letter35.txt
MRS. THOMAS STEVENSON,DECEMBER 26 1881,DECEMBER,26,1881,wikisource_vol1_ch5_letter36.txt
ALISON CUNNINGHAM,FEBRUARY 1882,FEBRUARY,,1882,wikisource_vol1_ch5_letter37.txt
CHARLES BAXTER,FEBRUARY 22 1882,FEBRUARY,22,1882,wikisource_vol1_ch5_letter38.txt
W. E. HENLEY,FEBRUARY 1882,FEBRUARY,,1882,wikisource_vol1_ch5_letter39.txt
EDMUND GOSSE,DECEMBER 19 1880,DECEMBER,19,1880,wikisource_vol1_ch5_letter4.txt
W. E. HENLEY,MARCH 1882,MARCH,,1882,wikisource_vol1_ch5_letter40.txt
ALEXANDER IRELAND,MARCH 1882,MARCH,,1882,wikisource_vol1_ch5_letter41.txt
EDMUND GOSSE,MARCH 23 1882,MARCH,23,1882,wikisource_vol1_ch5_letter42.txt
DR. ALEXANDER JAPP,MARCH 1882,MARCH,,1882,wikisource_vol1_ch5_letter43.txt
DR. ALEXANDER JAPP,APRIL 1 1882,APRIL,1,1882,wikisource_vol1_ch5_letter44.txt
W. E. HENLEY,APRIL 1882,APRIL,,1882,wikisource_vol1_ch5_letter45.txt
MRS. THOMAS STEVENSON,APRIL 9 1882,APRIL,9,1882,wikisource_vol1_ch5_letter46.txt
EDMUND GOSSE,JUNE 1882,JUNE,,1882,wikisource_vol1_ch5_letter47.txt
EDMUND GOSSE,JULY 1882,JULY,,1882,wikisource_vol1_ch5_letter48.txt
W. E. HENLEY,JULY 1882,JULY,,1882,wikisource_vol1_ch5_letter49.txt
CHARLES WARREN STODDARD,DECEMBER 1880,DECEMBER,,1880,wikisource_vol1_ch5_letter5.txt
MR. AND MRS. THOMAS STEVENSON,DECEMBER 21 1880,DECEMBER,21,1880,wikisource_vol1_ch5_letter6.txt
SIDNEY COLVIN,DECEMBER 25 1880,DECEMBER,25,1880,wikisource_vol1_ch5_letter7.txt
MRS. THOMAS STEVENSON,DECEMBER 26 1880,DECEMBER,26,1880,wikisource_vol1_ch5_letter8.txt
SIDNEY COLVIN,SPRING 1881,SPRING,,1881,wikisource_vol1_ch5_letter9.txt
THE EDITOR OF THE 'NEW YORK TRIBUNE',OCTOBER 16 1882,OCTOBER,16,1882,wikisource_vol1_ch6_letter1.txt
MRS. SITWELL,APRIL 1883,APRIL,,1883,wikisource_vol1_ch6_letter10.txt
EDMUND GOSSE,APRIL 1883,APRIL,,1883,wikisource_vol1_ch6_letter11.txt
MR. AND MRS. THOMAS STEVENSON,MAY 5 1883,MAY,5,1883,wikisource_vol1_ch6_letter12.txt
MR. AND MRS. THOMAS STEVENSON,MAY 8 1883,MAY,8,1883,wikisource_vol1_ch6_letter13.txt
EDMUND GOSSE,MAY 20 1883,MAY,20,1883,wikisource_vol1_ch6_letter14.txt
EDMUND GOSSE,MAY 21 1883,MAY,21,1883,wikisource_vol1_ch6_letter15.txt
W. E. HENLEY,MAY 1883,MAY,,1883,wikisource_vol1_ch6_letter16.txt
W. E. HENLEY,MAY 1883,MAY,,1883,wikisource_vol1_ch6_letter17.txt
W. E. HENLEY,MAY 1883,MAY,,1883,wikisource_vol1_ch6_letter18.txt
W. E. HENLEY,JUNE 1883,JUNE,,1883,wikisource_vol1_ch6_letter19.txt
R. A. M. STEVENSON,OCTOBER 1882,OCTOBER,,1882,wikisource_vol1_ch6_letter2.txt
W. E. HENLEY,SUMMER 1883,SUMMER,,1883,wikisource_vol1_ch6_letter20.txt
ALISON CUNNINGHAM,SUMMER 1883,SUMMER,,1883,wikisource_vol1_ch6_letter21.txt
W. E. HENLEY,SUMMER 1883,SUMMER,,1883,wikisource_vol1_ch6_letter22.txt
EDMUND GOSSE,SUMMER 1883,SUMMER,,1883,wikisource_vol1_ch6_letter23.txt
W. E. HENLEY,SEPTEMBER 19 1883,SEPTEMBER,19,1883,wikisource_vol1_ch6_letter24.txt
EDMUND GOSSE,SEPTEMBER 26 1883,SEPTEMBER,26,1883,wikisource_vol1_ch6_letter25.txt
SIDNEY COLVIN,OCTOBER 1883,OCTOBER,,1883,wikisource_vol1_ch6_letter26.txt
W. H. LOW,OCTOBER 1883,OCTOBER,,1883,wikisource_vol1_ch6_letter27.txt
R. A. M. STEVENSON,OCTOBER 1883,OCTOBER,,1883,wikisource_vol1_ch6_letter28.txt
THOMAS STEVENSON,OCTOBER 12 1883,OCTOBER,12,1883,wikisource_vol1_ch6_letter29.txt
THOMAS STEVENSON,OCTOBER 17 1882,OCTOBER,17,1882,wikisource_vol1_ch6_letter3.txt
W. H. LOW,OCTOBER 23 1883,OCTOBER,23,1883,wikisource_vol1_ch6_letter30.txt
W. E. HENLEY,NOVEMBER 1883,NOVEMBER,,1883,wikisource_vol1_ch6_letter31.txt
MRS. THOMAS STEVENSON,NOVEMBER 1883,NOVEMBER,,1883,wikisource_vol1_ch6_letter32.txt
SIDNEY COLVIN,NOVEMBER 1883,NOVEMBER,,1883,wikisource_vol1_ch6_letter33.txt
MRS. MILNE,NOVEMBER 1883,NOVEMBER,,1883,wikisource_vol1_ch6_letter34.txt
MISS FERRIER,NOVEMBER 22 1883,NOVEMBER,22,1883,wikisource_vol1_ch6_letter35.txt
W. H. LOW,DECEMBER 13 1883,DECEMBER,13,1883,wikisource_vol1_ch6_letter36.txt
THOMAS STEVENSON,DECEMBER 20 1883,DECEMBER,20,1883,wikisource_vol1_ch6_letter37.txt
MR. AND MRS. THOMAS STEVENSON,DECEMBER 25 1883,DECEMBER,25,1883,wikisource_vol1_ch6_letter38.txt
MRS. THOMAS STEVENSON,DECEMBER 30 1883,DECEMBER,30,1883,wikisource_vol1_ch6_letter39.txt
MRS. THOMAS STEVENSON,NOVEMBER 13 1882,NOVEMBER,13,1882,wikisource_vol1_ch6_letter4.txt
MR. AND MRS. THOMAS STEVENSON,JANUARY 1 1884,JANUARY,1,1884,wikisource_vol1_ch6_letter40.txt
SIDNEY COLVIN,MARCH 9 1884,MARCH,9,1884,wikisource_vol1_ch6_letter41.txt
MR. DICK,MARCH 12 1884,MARCH,12,1884,wikisource_vol1_ch6_letter42.txt
COSMO MONKHOUSE,MARCH 16 1884,MARCH,16,1884,wikisource_vol1_ch6_letter43.txt
EDMUND GOSSE,MARCH 17 1884,MARCH,17,1884,wikisource_vol1_ch6_letter44.txt
MISS FERRIER,MARCH 22 1884,MARCH,22,1884,wikisource_vol1_ch6_letter45.txt
W. H. LOW,APRIL 1884,APRIL,,1884,wikisource_vol1_ch6_letter46.txt
THOMAS STEVENSON,APRIL 19 1884,APRIL,19,1884,wikisource_vol1_ch6_letter47.txt
COSMO MONKHOUSE,APRIL 24 1884,APRIL,24,1884,wikisource_vol1_ch6_letter48.txt
W. E. HENLEY,MAY 1884,MAY,,1884,wikisource_vol1_ch6_letter49.txt
CHARLES BAXTER,JANUARY 12 1883,JANUARY,12,1883,wikisource_vol1_ch6_letter5.txt
EDMUND GOSSE,MAY 29 1884,MAY,29,1884,wikisource_vol1_ch6_letter50.txt
MR. AND MRS. THOMAS STEVENSON,JULY 1884,JULY,,1884,wikisource_vol1_ch6_letter51.txt
SIDNEY COLVIN,JULY 1884,JULY,,1884,wikisource_vol1_ch6_letter52.txt
ALISON CUNNINGHAM,FEBRUARY 1883,FEBRUARY,,1883,wikisource_vol1_ch6_letter6.txt
W. E. HENLEY,MARCH 1883,MARCH,,1883,wikisource_vol1_ch6_letter7.txt
MRS. THOMAS STEVENSON,MARCH 2 1883,MARCH,2,1883,wikisource_vol1_ch6_letter8.txt
THOMAS STEVENSON,MARCH 17 1883,MARCH,17,1883,wikisource_vol1_ch6_letter9.txt
MR. AND MRS. THOMAS STEVENSON,SEPTEMBER 28 1884,SEPTEMBER,28,1884,wikisource_vol1_ch7_letter1.txt
CHARLES BAXTER,NOVEMBER 13 1884,NOVEMBER,13,1884,wikisource_vol1_ch7_letter10.txt
MISS FERRIER,NOVEMBER 12 1884,NOVEMBER,12,1884,wikisource_vol1_ch7_letter11.txt
EDMUND GOSSE,NOVEMBER 15 1884,NOVEMBER,15,1884,wikisource_vol1_ch7_letter12.txt
AUSTIN DOBSON,DECEMBER 1884,DECEMBER,,1884,wikisource_vol1_ch7_letter13.txt
HENRY JAMES,DECEMBER 8 1884,DECEMBER,8,1884,wikisource_vol1_ch7_letter14.txt
MR. AND MRS. THOMAS STEVENSON,DECEMBER 9 1884,DECEMBER,9,1884,wikisource_vol1_ch7_letter15.txt
W. E. HENLEY,DECEMBER 1884,DECEMBER,,1884,wikisource_vol1_ch7_letter16.txt
W. E. HENLEY,WINTER 1884,WINTER,,1884,wikisource_vol1_ch7_letter17.txt
H. A. JONES,DECEMBER 30 1884,DECEMBER,30,1884,wikisource_vol1_ch7_letter18.txt
SIDNEY COLVIN,JANUARY 4 1885,JANUARY,4,1885,wikisource_vol1_ch7_letter19.txt
W. E. HENLEY,OCTOBER 1884,OCTOBER,,1884,wikisource_vol1_ch7_letter2.txt
THOMAS STEVENSON,JANUARY 14 1885,JANUARY,14,1885,wikisource_vol1_ch7_letter20.txt
SIDNEY COLVIN,JANUARY 1885,JANUARY,,1885,wikisource_vol1_ch7_letter21.txt
SIDNEY COLVIN,FEBRUARY 1885,FEBRUARY,,1885,wikisource_vol1_ch7_letter22.txt
J. A. SYMONDS,FEBRUARY 1885,FEBRUARY,,1885,wikisource_vol1_ch7_letter23.txt
EDMUND GOSSE,MARCH 12 1885,MARCH,12,1885,wikisource_vol1_ch7_letter24.txt
W. H. LOW,MARCH 13 1885,MARCH,13,1885,wikisource_vol1_ch7_letter25.txt
P. G. HAMERTON,MARCH 16 1885,MARCH,16,1885,wikisource_vol1_ch7_letter26.txt
WILLIAM ARCHER,MARCH 29 1885,MARCH,29,1885,wikisource_vol1_ch7_letter27.txt
MRS. FLEEMING JENKIN,JUNE 1885,JUNE,,1885,wikisource_vol1_ch7_letter28.txt
MRS. FLEEMING JENKIN,JUNE 1885,JUNE,,1885,wikisource_vol1_ch7_letter29.txt
THE REV. PROFESSOR LEWIS CAMPBELL,NOVEMBER 1884,NOVEMBER,,1884,wikisource_vol1_ch7_letter3.txt
W. H. LOW,OCTOBER 22 1885,OCTOBER,22,1885,wikisource_vol1_ch7_letter30.txt
W. E. HENLEY,AUTUMN 1885,AUTUMN,,1885,wikisource_vol1_ch7_letter31.txt
WILLIAM ARCHER,OCTOBER 28 1885,OCTOBER,28,1885,wikisource_vol1_ch7_letter32.txt
THOMAS STEVENSON,OCTOBER 28 1885,OCTOBER,28,1885,wikisource_vol1_ch7_letter33.txt
HENRY JAMES,OCTOBER 28 1885,OCTOBER,28,1885,wikisource_vol1_ch7_letter34.txt
WILLIAM ARCHER,OCTOBER 30 1885,OCTOBER,30,1885,wikisource_vol1_ch7_letter35.txt
WILLIAM ARCHER,NOVEMBER 1 1885,NOVEMBER,1,1885,wikisource_vol1_ch7_letter36.txt
W. H. LOW,DECEMBER 26 1885,DECEMBER,26,1885,wikisource_vol1_ch7_letter37.txt
ANDREW CHATTO,OCTOBER 3 1884,OCTOBER,3,1884,wikisource_vol1_ch7_letter4.txt
W. H. LOW,JANUARY 3 1885,JANUARY,3,1885,wikisource_vol1_ch7_letter5.txt
THOMAS STEVENSON,NOVEMBER 1884,NOVEMBER,,1884,wikisource_vol1_ch7_letter6.txt
W. E. HENLEY,NOVEMBER 1884,NOVEMBER,,1884,wikisource_vol1_ch7_letter7.txt
THOMAS STEVENSON,NOVEMBER 5 1884,NOVEMBER,5,1884,wikisource_vol1_ch7_letter8.txt
CHARLES BAXTER,NOVEMBER 11 1884,NOVEMBER,11,1884,wikisource_vol1_ch7_letter9.txt
SIDNEY COLVIN,JULY 1888,JULY,,1888,wikisource_vol2_ch10_letter1.txt
J. A. SYMONDS,NOVEMBER 11 1888,NOVEMBER,11,1888,wikisource_vol2_ch10_letter10.txt
THOMAS ARCHER,NOVEMBER 1888,NOVEMBER,,1888,wikisource_vol2_ch10_letter11.txt
SIDNEY COLVIN,JANUARY 14 1889,JANUARY,14,1889,wikisource_vol2_ch10_letter12.txt
E. L. BURLINGAME,JANUARY 1889,JANUARY,,1889,wikisource_vol2_ch10_letter13.txt
CHARLES BAXTER,FEBRUARY 8 1889,FEBRUARY,8,1889,wikisource_vol2_ch10_letter14.txt
R. A. M. STEVENSON,FEBRUARY 1889,FEBRUARY,,1889,wikisource_vol2_ch10_letter15.txt
MARCEL SCHWOB,FEBRUARY 8 1889,FEBRUARY,8,1889,wikisource_vol2_ch10_letter16.txt
CHARLES BAXTER,MARCH 8 1889,MARCH,8,1889,wikisource_vol2_ch10_letter17.txt
HENRY JAMES,MARCH 1889,MARCH,,1889,wikisource_vol2_ch10_letter18.txt
SIDNEY COLVIN,APRIL 2 1889,APRIL,2,1889,wikisource_vol2_ch10_letter19.txt
CHARLES BAXTER,SEPTEMBER 6 1888,SEPTEMBER,6,1888,wikisource_vol2_ch10_letter2.txt
E. L. BURLINGAME,APRIL 1889,APRIL,,1889,wikisource_vol2_ch10_letter20.txt
MISS ADELAIDE BOODLE,APRIL 6 1889,APRIL,6,1889,wikisource_vol2_ch10_letter21.txt
CHARLES BAXTER,APRIL 1889,APRIL,,1889,wikisource_vol2_ch10_letter22.txt
CHARLES BAXTER,MAY 10 1889,MAY,10,1889,wikisource_vol2_ch10_letter23.txt
W. H. LOW,MAY 20 1889,MAY,20,1889,wikisource_vol2_ch10_letter24.txt
MRS. R. L. STEVENSON,MAY 1889,MAY,,1889,wikisource_vol2_ch10_letter25.txt
SIDNEY COLVIN,JUNE 1889,JUNE,,1889,wikisource_vol2_ch10_letter26.txt
JAMES PAYN,JUNE 13 1889,JUNE,13,1889,wikisource_vol2_ch10_letter27.txt
SIDNEY COLVIN,AUGUST 22 1889,AUGUST,22,1889,wikisource_vol2_ch10_letter28.txt
SIDNEY COLVIN,DECEMBER 2 1889,DECEMBER,2,1889,wikisource_vol2_ch10_letter29.txt
SIDNEY COLVIN,SEPTEMBER 21 1888,SEPTEMBER,21,1888,wikisource_vol2_ch10_letter3.txt
E. L. BURLINGAME,DECEMBER 4 1889,DECEMBER,4,1889,wikisource_vol2_ch10_letter30.txt
CHARLES BAXTER,DECEMBER 1889,DECEMBER,,1889,wikisource_vol2_ch10_letter31.txt
DR. SCOTT,JANUARY 20 1890,JANUARY,20,1890,wikisource_vol2_ch10_letter32.txt
CHARLES BAXTER,FEBRUARY 3 1890,FEBRUARY,3,1890,wikisource_vol2_ch10_letter33.txt
E. L. BURLINGAME,FEBRUARY 1890,FEBRUARY,,1890,wikisource_vol2_ch10_letter34.txt
JAMES PAYN,FEBRUARY 4 1890,FEBRUARY,4,1890,wikisource_vol2_ch10_letter35.txt
CHARLES BAXTER,MARCH 7 1890,MARCH,7,1890,wikisource_vol2_ch10_letter36.txt
SIDNEY COLVIN,SPRING 1890,SPRING,,1890,wikisource_vol2_ch10_letter37.txt
E. L. BURLINGAME,JULY 13 1890,JULY,13,1890,wikisource_vol2_ch10_letter38.txt
CHARLES BAXTER,AUGUST 1890,AUGUST,,1890,wikisource_vol2_ch10_letter39.txt
CHARLES BAXTER,OCTOBER 6 1888,OCTOBER,6,1888,wikisource_vol2_ch10_letter4.txt
E. L. BURLINGAME,AUGUST 1890,AUGUST,,1890,wikisource_vol2_ch10_letter40.txt
HENRY JAMES,AUGUST 1890,AUGUST,,1890,wikisource_vol2_ch10_letter41.txt
MARCEL SCHWOB,AUGUST 19 1890,AUGUST,19,1890,wikisource_vol2_ch10_letter42.txt
ANDREW LANG,AUGUST 1890,AUGUST,,1890,wikisource_vol2_ch10_letter43.txt
MRS. CHARLES FAIRCHILD,SEPTEMBER 1890,SEPTEMBER,,1890,wikisource_vol2_ch10_letter44.txt
MISS ADELAIDE BOODLE,OCTOBER 10 1888,OCTOBER,10,1888,wikisource_vol2_ch10_letter5.txt
SIDNEY COLVIN,OCTOBER 16 1888,OCTOBER,16,1888,wikisource_vol2_ch10_letter6.txt
WILLIAM AND THOMAS ARCHER,OCTOBER 17 1888,OCTOBER,17,1888,wikisource_vol2_ch10_letter7.txt
CHARLES BAXTER,NOVEMBER 1888,NOVEMBER,,1888,wikisource_vol2_ch10_letter8.txt
TAUTIRA,NOVEMBER 10 1888,NOVEMBER,10,1888,wikisource_vol2_ch10_letter9.txt
E. L. BURLINGAME,NOVEMBER 7 1890,NOVEMBER,7,1890,wikisource_vol2_ch11_letter1.txt
MISS RAWLINSON,APRIL 1891,APRIL,,1891,wikisource_vol2_ch11_letter10.txt
MISS ADELAIDE BOODLE,MAY 1891,MAY,,1891,wikisource_vol2_ch11_letter11.txt
CHARLES BAXTER,MAY 19 1891,MAY,19,1891,wikisource_vol2_ch11_letter12.txt
E. L. BURLINGAME,SUMMER 1891,SUMMER,,1891,wikisource_vol2_ch11_letter13.txt
W. CRAIBE ANGUS,SUMMER 1891,SUMMER,,1891,wikisource_vol2_ch11_letter14.txt
H. C. IDE ,JUNE 19 1891,JUNE,19,1891,wikisource_vol2_ch11_letter15.txt
HENRY JAMES,OCTOBER 1891,OCTOBER,,1891,wikisource_vol2_ch11_letter16.txt
E. L. BURLINGAME,OCTOBER 8 1891,OCTOBER,8,1891,wikisource_vol2_ch11_letter17.txt
E. L. BURLINGAME,AUTUMN 1891,AUTUMN,,1891,wikisource_vol2_ch11_letter18.txt
W. CRAIBE ANGUS,NOVEMBER 1891,NOVEMBER,,1891,wikisource_vol2_ch11_letter19.txt
E. L. BURLINGAME,DECEMBER 1890,DECEMBER,,1890,wikisource_vol2_ch11_letter2.txt
MISS ANNIE H. IDE,NOVEMBER 1891,NOVEMBER,,1891,wikisource_vol2_ch11_letter20.txt
FRED ORR,NOVEMBER 28 1891,NOVEMBER,28,1891,wikisource_vol2_ch11_letter21.txt
E. L. BURLINGAME,DECEMBER 1891,DECEMBER,,1891,wikisource_vol2_ch11_letter22.txt
HENRY JAMES,DECEMBER 7 1891,DECEMBER,7,1891,wikisource_vol2_ch11_letter23.txt
E. L. BURLINGAME,JANUARY 2 1892,JANUARY,2,1892,wikisource_vol2_ch11_letter24.txt
J. M. BARRIE,FEBRUARY 1892,FEBRUARY,,1892,wikisource_vol2_ch11_letter25.txt
WILLIAM MORRIS,FEBRUARY 1892,FEBRUARY,,1892,wikisource_vol2_ch11_letter26.txt
MRS. CHARLES FAIRCHILD,MARCH 1892,MARCH,,1892,wikisource_vol2_ch11_letter27.txt
E. L. BURLINGAME,MARCH 1892,MARCH,,1892,wikisource_vol2_ch11_letter28.txt
T. W. DOVER,JUNE 20 1892,JUNE,20,1892,wikisource_vol2_ch11_letter29.txt
HENRY JAMES,DECEMBER 29 1890,DECEMBER,29,1890,wikisource_vol2_ch11_letter3.txt
E. L. BURLINGAME,SUMMER 1892,SUMMER,,1892,wikisource_vol2_ch11_letter30.txt
CHARLES BAXTER,JULY 18 1892,JULY,18,1892,wikisource_vol2_ch11_letter31.txt
W. E. HENLEY,AUGUST 1 1892,AUGUST,1,1892,wikisource_vol2_ch11_letter32.txt
E. L. BURLINGAME,AUGUST 1 1892,AUGUST,1,1892,wikisource_vol2_ch11_letter33.txt
ANDREW LANG,AUGUST 1892,AUGUST,,1892,wikisource_vol2_ch11_letter34.txt
THE COUNTESS OF JERSEY,AUGUST 14 1892,AUGUST,14,1892,wikisource_vol2_ch11_letter35.txt
THE COUNTESS OF JERSEY,,,,,wikisource_vol2_ch11_letter36.txt
MRS. CHARLES FAIRCHILD,AUGUST 1892,AUGUST,,1892,wikisource_vol2_ch11_letter37.txt
GORDON BROWNE,AUTUMN 1892,AUTUMN,,1892,wikisource_vol2_ch11_letter38.txt
MISS MORSE,OCTOBER 7 1892,OCTOBER,7,1892,wikisource_vol2_ch11_letter39.txt
RUDYARD KIPLING,1891,,,1891,wikisource_vol2_ch11_letter4.txt
E. L. BURLINGAME,OCTOBER 10 1892,OCTOBER,10,1892,wikisource_vol2_ch11_letter40.txt
J. M. BARRIE,NOVEMBER 1 1892,NOVEMBER,1,1892,wikisource_vol2_ch11_letter41.txt
E. L. BURLINGAME,NOVEMBER 2 1892,NOVEMBER,2,1892,wikisource_vol2_ch11_letter42.txt
LIEUTENANT EELES,NOVEMBER 15 1892,NOVEMBER,15,1892,wikisource_vol2_ch11_letter43.txt
CHARLES BAXTER,DECEMBER 1 1892,DECEMBER,1,1892,wikisource_vol2_ch11_letter44.txt
MRS. JENKIN,DECEMBER 5 1892,DECEMBER,5,1892,wikisource_vol2_ch11_letter45.txt
HENRY JAMES,DECEMBER 5 1892,DECEMBER,5,1892,wikisource_vol2_ch11_letter46.txt
J. M. BARRIE,DECEMBER 5 1892,DECEMBER,5,1892,wikisource_vol2_ch11_letter47.txt
MARCEL SCHWOB,JANUARY 19 1891,JANUARY,19,1891,wikisource_vol2_ch11_letter5.txt
CHARLES BAXTER,MARCH 1891,MARCH,,1891,wikisource_vol2_ch11_letter6.txt
H. B. BAILDON,1891,,,1891,wikisource_vol2_ch11_letter7.txt
W. CRAIBE ANGUS,APRIL 1891,APRIL,,1891,wikisource_vol2_ch11_letter8.txt
EDMUND GOSSE,APRIL 1891,APRIL,,1891,wikisource_vol2_ch11_letter9.txt
CHARLES BAXTER,APRIL 1893,APRIL,,1893,wikisource_vol2_ch12_letter1.txt
A. CONAN DOYLE,AUGUST 23 1893,AUGUST,23,1893,wikisource_vol2_ch12_letter10.txt
GEORGE MEREDITH,SEPTEMBER 5 1893,SEPTEMBER,5,1893,wikisource_vol2_ch12_letter11.txt
AUGUSTUS ST. GAUDENS,SEPTEMBER 1893,SEPTEMBER,,1893,wikisource_vol2_ch12_letter12.txt
J. HORNE STEVENSON,NOVEMBER 5 1893,NOVEMBER,5,1893,wikisource_vol2_ch12_letter13.txt
JOHN P,DECEMBER 3 1893,DECEMBER,3,1893,wikisource_vol2_ch12_letter14.txt
RUSSELL P,DECEMBER 3 1893,DECEMBER,3,1893,wikisource_vol2_ch12_letter15.txt
ALISON CUNNINGHAM,DECEMBER 5 1893,DECEMBER,5,1893,wikisource_vol2_ch12_letter16.txt
CHARLES BAXTER,DECEMBER 6 1893,DECEMBER,6,1893,wikisource_vol2_ch12_letter17.txt
J. M. BARRIE,DECEMBER 7 1893,DECEMBER,7,1893,wikisource_vol2_ch12_letter18.txt
R. LE GALLIENNE,DECEMBER 28 1893,DECEMBER,28,1893,wikisource_vol2_ch12_letter19.txt
A. CONAN DOYLE,APRIL 5 1893,APRIL,5,1893,wikisource_vol2_ch12_letter2.txt
MRS. A. BAKER,DECEMBER 1893,DECEMBER,,1893,wikisource_vol2_ch12_letter20.txt
HENRY JAMES,DECEMBER 1893,DECEMBER,,1893,wikisource_vol2_ch12_letter21.txt
CHARLES BAXTER,JANUARY 1 1894,JANUARY,1,1894,wikisource_vol2_ch12_letter22.txt
H. B. BAILDON,JANUARY 15 1894,JANUARY,15,1894,wikisource_vol2_ch12_letter23.txt
W. H. LOW,JANUARY 15 1894,JANUARY,15,1894,wikisource_vol2_ch12_letter24.txt
H. B. BAILDON,JANUARY 30 1894,JANUARY,30,1894,wikisource_vol2_ch12_letter25.txt
J. H. BATES,MARCH 25 1894,MARCH,25,1894,wikisource_vol2_ch12_letter26.txt
WILLIAM ARCHER,MARCH 27 1894,MARCH,27,1894,wikisource_vol2_ch12_letter27.txt
W. B. YEATS,APRIL 14 1894,APRIL,14,1894,wikisource_vol2_ch12_letter28.txt
GEORGE MEREDITH,APRIL 17 1894,APRIL,17,1894,wikisource_vol2_ch12_letter29.txt
S. R. CROCKETT,MAY 17 1893,MAY,17,1893,wikisource_vol2_ch12_letter3.txt
CHARLES BAXTER,APRIL 17 1894,APRIL,17,1894,wikisource_vol2_ch12_letter30.txt
MRS. SITWELL,APRIL 1894,APRIL,,1894,wikisource_vol2_ch12_letter31.txt
CHARLES BAXTER,MAY 1894,MAY,,1894,wikisource_vol2_ch12_letter32.txt
R. A. M. STEVENSON,JUNE 1894,JUNE,,1894,wikisource_vol2_ch12_letter33.txt
HENRY JAMES,JULY 7 1894,JULY,7,1894,wikisource_vol2_ch12_letter34.txt
MR. MARCEL SCHWOB,JULY 7 1894,JULY,7,1894,wikisource_vol2_ch12_letter35.txt
A. ST. GAUDENS,JULY 8 1894,JULY,8,1894,wikisource_vol2_ch12_letter36.txt
MISS ADELAIDE BOODLE,JULY 14 1894,JULY,14,1894,wikisource_vol2_ch12_letter37.txt
MRS. BAKER,JULY 16 1894,JULY,16,1894,wikisource_vol2_ch12_letter38.txt
J. M. BARRIE,JULY 13 1894,JULY,13,1894,wikisource_vol2_ch12_letter39.txt
AUGUSTUS ST. GAUDENS,MAY 29 1893,MAY,29,1893,wikisource_vol2_ch12_letter4.txt
DR. BAKEWELL,AUGUST 7 1894,AUGUST,7,1894,wikisource_vol2_ch12_letter40.txt
JAMES PAYN,AUGUST 11 1894,AUGUST,11,1894,wikisource_vol2_ch12_letter41.txt
MISS MIDDLETON,SEPTEMBER 9 1894,SEPTEMBER,9,1894,wikisource_vol2_ch12_letter42.txt
A. CONAN DOYLE,SEPTEMBER 9 1894,SEPTEMBER,9,1894,wikisource_vol2_ch12_letter43.txt
CHARLES BAXTER,SEPTEMBER 1894,SEPTEMBER,,1894,wikisource_vol2_ch12_letter44.txt
R. A. M. STEVENSON,SEPTEMBER 1894,SEPTEMBER,,1894,wikisource_vol2_ch12_letter45.txt
SIR HERBERT MAXWELL,SEPTEMBER 10 1894,SEPTEMBER,10,1894,wikisource_vol2_ch12_letter46.txt
ALISON CUNNINGHAM,OCTOBER 8 1894,OCTOBER,8,1894,wikisource_vol2_ch12_letter47.txt
JAMES PAYN,NOVEMBER 4 1894,NOVEMBER,4,1894,wikisource_vol2_ch12_letter48.txt
LIEUTENANT EELES,NOVEMBER 24 1894,NOVEMBER,24,1894,wikisource_vol2_ch12_letter49.txt
EDMUND GOSSE,JUNE 10 1893,JUNE,10,1893,wikisource_vol2_ch12_letter5.txt
SIR HERBERT MAXWELL,DECEMBER 1 1894,DECEMBER,1,1894,wikisource_vol2_ch12_letter50.txt
ANDREW LANG,DECEMBER 1 1894,DECEMBER,1,1894,wikisource_vol2_ch12_letter51.txt
EDMUND GOSSE,DECEMBER 1 1894,DECEMBER,1,1894,wikisource_vol2_ch12_letter52.txt
HENRY JAMES,JUNE 17 1893,JUNE,17,1893,wikisource_vol2_ch12_letter6.txt
HENRY JAMES,JULY 1893,JULY,,1893,wikisource_vol2_ch12_letter7.txt
A. CONAN DOYLE,JULY 12 1893,JULY,12,1893,wikisource_vol2_ch12_letter8.txt
CHARLES BAXTER,JULY 19 1893,JULY,19,1893,wikisource_vol2_ch12_letter9.txt
MRS. DE MATTOS,JANUARY 1 1886,JANUARY,1,1886,wikisource_vol2_ch8_letter1.txt
J. A. SYMONDS,SPRING 1886,SPRING,,1886,wikisource_vol2_ch8_letter10.txt
W. H. LOW,MARCH 1886,MARCH,,1886,wikisource_vol2_ch8_letter11.txt
MRS. FLEEMING JENKIN,APRIL 1886,APRIL,,1886,wikisource_vol2_ch8_letter12.txt
THOMAS STEVENSON,MARCH 1886,MARCH,,1886,wikisource_vol2_ch8_letter13.txt
MRS. FLEEMING JENKIN,APRIL 15 1886,APRIL,15,1886,wikisource_vol2_ch8_letter14.txt
MRS. FLEEMING JENKIN,APRIL 1886,APRIL,,1886,wikisource_vol2_ch8_letter15.txt
MISS RAWLINSON,APRIL 1886,APRIL,,1886,wikisource_vol2_ch8_letter16.txt
MISS MONROE,MAY 25 1886,MAY,25,1886,wikisource_vol2_ch8_letter17.txt
MISS MONROE,JUNE 1886,JUNE,,1886,wikisource_vol2_ch8_letter18.txt
R. A. M. STEVENSON,JULY 1886,JULY,,1886,wikisource_vol2_ch8_letter19.txt
ALISON CUNNINGHAM,1886,,,1886,wikisource_vol2_ch8_letter2.txt
R. A. M. STEVENSON,JULY 1886,JULY,,1886,wikisource_vol2_ch8_letter20.txt
MR. AND MRS. THOMAS STEVENSON,JULY 7 1886,JULY,7,1886,wikisource_vol2_ch8_letter21.txt
CHARLES BAXTER,JULY 1886,JULY,,1886,wikisource_vol2_ch8_letter22.txt
THOMAS STEVENSON,JULY 28 1886,JULY,28,1886,wikisource_vol2_ch8_letter23.txt
MRS. THOMAS STEVENSON,AUGUST 10 1886,AUGUST,10,1886,wikisource_vol2_ch8_letter24.txt
T. WATTS,SEPTEMBER 1886,SEPTEMBER,,1886,wikisource_vol2_ch8_letter25.txt
FREDERICK LOCKER,SEPTEMBER 4 1886,SEPTEMBER,4,1886,wikisource_vol2_ch8_letter26.txt
FREDERICK LOCKER,SEPTEMBER 1886,SEPTEMBER,,1886,wikisource_vol2_ch8_letter27.txt
FREDERICK LOCKER,SEPTEMBER 1886,SEPTEMBER,,1886,wikisource_vol2_ch8_letter28.txt
FREDERICK LOCKER,SEPTEMBER 24 1886,SEPTEMBER,24,1886,wikisource_vol2_ch8_letter29.txt
MR. AND MRS. THOMAS STEVENSON,JANUARY 1 1886,JANUARY,1,1886,wikisource_vol2_ch8_letter3.txt
SIDNEY COLVIN,DECEMBER 14 1886,DECEMBER,14,1886,wikisource_vol2_ch8_letter30.txt
FREDERICK LOCKER,FEBRUARY 5 1887,FEBRUARY,5,1887,wikisource_vol2_ch8_letter31.txt
HENRY JAMES,FEBRUARY 1887,FEBRUARY,,1887,wikisource_vol2_ch8_letter32.txt
W. H. LOW,APRIL 1887,APRIL,,1887,wikisource_vol2_ch8_letter33.txt
ALISON CUNNINGHAM,APRIL 16 1887,APRIL,16,1887,wikisource_vol2_ch8_letter34.txt
SIDNEY COLVIN,JUNE 1887,JUNE,,1887,wikisource_vol2_ch8_letter35.txt
W. H. LOW,JANUARY 2 1886,JANUARY,2,1886,wikisource_vol2_ch8_letter4.txt
EDMUND GOSSE,JANUARY 2 1886,JANUARY,2,1886,wikisource_vol2_ch8_letter5.txt
JAMES PAYN,JANUARY 2 1886,JANUARY,2,1886,wikisource_vol2_ch8_letter6.txt
W. H. LOW,JANUARY 1886,JANUARY,,1886,wikisource_vol2_ch8_letter7.txt
THOMAS STEVENSON,JANUARY 25 1886,JANUARY,25,1886,wikisource_vol2_ch8_letter8.txt
C. W. STODDARD,FEBRUARY 13 1886,FEBRUARY,13,1886,wikisource_vol2_ch8_letter9.txt
W. E. HENLEY,AUGUST 1887,AUGUST,,1887,wikisource_vol2_ch9_letter1.txt
R. A. M. STEVENSON,OCTOBER 1887,OCTOBER,,1887,wikisource_vol2_ch9_letter10.txt
EDMUND GOSSE,OCTOBER 8 1887,OCTOBER,8,1887,wikisource_vol2_ch9_letter11.txt
W. H. LOW,OCTOBER 1887,OCTOBER,,1887,wikisource_vol2_ch9_letter12.txt
WILLIAM ARCHER,OCTOBER 1887,OCTOBER,,1887,wikisource_vol2_ch9_letter13.txt
HENRY JAMES,OCTOBER 1887,OCTOBER,,1887,wikisource_vol2_ch9_letter14.txt
CHARLES BAXTER,NOVEMBER 18 1887,NOVEMBER,18,1887,wikisource_vol2_ch9_letter15.txt
CHARLES SCRIBNER,NOVEMBER 20 1887,NOVEMBER,20,1887,wikisource_vol2_ch9_letter16.txt
E. L. BURLINGAME,NOVEMBER 1887,NOVEMBER,,1887,wikisource_vol2_ch9_letter17.txt
E. L. BURLINGAME,NOVEMBER 1887,NOVEMBER,,1887,wikisource_vol2_ch9_letter18.txt
J. A. SYMONDS,NOVEMBER 21 1887,NOVEMBER,21,1887,wikisource_vol2_ch9_letter19.txt
W. H. LOW,AUGUST 6 1887,AUGUST,6,1887,wikisource_vol2_ch9_letter2.txt
W. E. HENLEY,DECEMBER 1887,DECEMBER,,1887,wikisource_vol2_ch9_letter20.txt
MRS. FLEEMING JENKIN,DECEMBER 1887,DECEMBER,,1887,wikisource_vol2_ch9_letter21.txt
MISS ADELAIDE BOODLE,DECEMBER 1887,DECEMBER,,1887,wikisource_vol2_ch9_letter22.txt
CHARLES BAXTER,DECEMBER 12 1887,DECEMBER,12,1887,wikisource_vol2_ch9_letter23.txt
MISS MONROE,DECEMBER 19 1887,DECEMBER,19,1887,wikisource_vol2_ch9_letter24.txt
HENRY JAMES,WINTER 1887,WINTER,,1887,wikisource_vol2_ch9_letter25.txt
SIDNEY COLVIN,DECEMBER 1887,DECEMBER,,1887,wikisource_vol2_ch9_letter26.txt
SIDNEY COLVIN,DECEMBER 24 1887,DECEMBER,24,1887,wikisource_vol2_ch9_letter27.txt
MISS ADELAIDE BOODLE,DECEMBER 25 1887,DECEMBER,25,1887,wikisource_vol2_ch9_letter28.txt
CHARLES BAXTER,JANUARY 1888,JANUARY,,1888,wikisource_vol2_ch9_letter29.txt
MISS ADELAIDE BOODLE,AUGUST 19 1887,AUGUST,19,1887,wikisource_vol2_ch9_letter3.txt
E. L. BURLINGAME,WINTER 1887,WINTER,,1887,wikisource_vol2_ch9_letter30.txt
WILLIAM ARCHER,WINTER 1887,WINTER,,1887,wikisource_vol2_ch9_letter31.txt
WILLIAM ARCHER,FEBRUARY 1888,FEBRUARY,,1888,wikisource_vol2_ch9_letter32.txt
WILLIAM ARCHER,SPRING 1888,SPRING,,1888,wikisource_vol2_ch9_letter33.txt
E. L. BURLINGAME,FEBRUARY 1888,FEBRUARY,,1888,wikisource_vol2_ch9_letter34.txt
E. L. BURLINGAME,FEBRUARY 1888,FEBRUARY,,1888,wikisource_vol2_ch9_letter35.txt
SIDNEY COLVIN,MARCH 1888,MARCH,,1888,wikisource_vol2_ch9_letter36.txt
THE REV. DR. CHARTERIS,WINTER 1887,WINTER,,1887,wikisource_vol2_ch9_letter37.txt
HENRY JAMES,MARCH 1888,MARCH,,1888,wikisource_vol2_ch9_letter38.txt
THE REV. DR. CHARTERIS,SPRING 1888,SPRING,,1888,wikisource_vol2_ch9_letter39.txt
MESSRS. CHATTO AND WINDUS,AUGUST 1887,AUGUST,,1887,wikisource_vol2_ch9_letter4.txt
S. R. CROCKETT,SPRING 1888,SPRING,,1888,wikisource_vol2_ch9_letter40.txt
MISS FERRIER,APRIL 1888,APRIL,,1888,wikisource_vol2_ch9_letter41.txt
SIDNEY COLVIN,APRIL 9 1888,APRIL,9,1888,wikisource_vol2_ch9_letter42.txt
MISS ADELAIDE BOODLE,APRIL 1888,APRIL,,1888,wikisource_vol2_ch9_letter43.txt
CHARLES BAXTER,MAY 11 1888,MAY,11,1888,wikisource_vol2_ch9_letter44.txt
HOMER ST. GAUDENS,MAY 27 1888,MAY,27,1888,wikisource_vol2_ch9_letter45.txt
HENRY JAMES,MAY 28 1888,MAY,28,1888,wikisource_vol2_ch9_letter46.txt
SIDNEY COLVIN,AUGUST 1887,AUGUST,,1887,wikisource_vol2_ch9_letter5.txt
SIDNEY COLVIN,SEPTEMBER 1887,SEPTEMBER,,1887,wikisource_vol2_ch9_letter6.txt
HENRY JAMES,SEPTEMBER 1887,SEPTEMBER,,1887,wikisource_vol2_ch9_letter7.txt
SIDNEY COLVIN,SEPTEMBER 1887,SEPTEMBER,,1887,wikisource_vol2_ch9_letter8.txt
W. E. HENLEY,SEPTEMBER 1887,SEPTEMBER,,1887,wikisource_vol2_ch9_letter9.txt
